description,duration,title,views
,41,SAYING GOODBYE TO MY CATSüíî #shorts #viral,181566
"Bin Bon duck Monkey Baby Kittens Puppy Gaoes Koi Cat And swims Rabbits Animals Eats Eggs
Íµ¨ÎèÖÌïòÏÑ∏Ïöî! https://is.gd/yiYCrb
#bstudio #BÏä§ÌäúÎîîÏò§ #bstudiokor",0,Bin Bon duck Monkey Baby Kittens Puppy Gaoes Koi Cat And swims Rabbits Animals Eats Eggs,401435
"Para cuestiones de derechos de autor, p√≥ngase en contacto con: aposcarpenter71@gmail.com

Ver m√°s videos de gatos ‚Üí https://www.youtube.com/playlist?list=PL3gBFPEFCB0bs7ISoqVWWlY-lsk8Nl3nR

Gracias por ver mis videos, si te gustan, por favor, y comparte tus comentarios ‚ô•‚ô•‚ô•

SUSCR√çBETE a mi canal para ver m√°s videos ^ ‚ó° ^",612,Los Mejores Videos de Gatos Chistosos 2023 #497,109170
"In this PAW Patrol cartoon episode live steam for kids. mayhem has motored in to Adventure Bay in the form of the Ruff Ruff Pack! This group of biker pups wants to cause as much trouble as possible! The PAW Patrol will need all new Moto uniforms and sleek, transforming motorcycles, along with Wild Cat and his kitten pals the CAT PACK! Inspired by the big cats they look up to; Cheetah, White Tiger, Jaguar and Lion, each member of the Cat Pack has a light up powersuit and unique vehicle that lets them aid Ryder and the Pups on missions where thinking and acting like a CAT is the only way to save the day! PAW Patrol is on a roll!

PAW Patrol is now available in more languages!
UK: youtube.com/@PAWPatrolUK
SPANISH: youtube.com/@PAWPatrolEspanol
FRENCH: youtube.com/@PAWPatrolFrancais
ITALIAN: youtube.com/@PAWPatrolItaliano
PORTUGUESE: youtube.com/@PAWPatrolPortugues
POLISH: youtube.com/@PAWPatrolPolski
DUTCH: youtube.com/@PAWPatrolNederlands
BULGARIAN: youtube.com/@PAWPatrolBulgaria
CZECH: youtube.com/@PAWPatrolCzech
GERMAN: youtube.com/@PAWPatrolDeutsch
HUNGARIAN: youtube.com/@PAWPatrolHungary
MANDARIN: youtube.com/@PAWPatrolMandarin

Check out full episodes of PAW Patrol on Nickelodeon! 

For more information on PAW Patrol, visit: http://www.pawpatrolandfriends.com 

Keep up with the latest PAW news! 

INSTAGRAM: http://www.instagram.com/PAWpatrol 
TWITTER: http://www.twitter.com/PAWpatrol 
FACEBOOK: http://www.facebook.com/PAWpatrol 

#pawpatrol #cartoonstories #kidscartoons",0,üî¥ PAW Patrol Cat Pack and Moto Pups Rescue Episodes | Cartoons for Kids Live Stream,475015
"Arena for the cat üêû


Music from Epidemic Sound: The Director - Stationary Sign https://www.epidemicsound.com

Subscribe to our YouTube channel for more cat videos: https://YouTube.com/hosicocats

Website: http://hosicocat.com
Instagram: https://instagram.com/hosico_cat/
Facebook: https://facebook.com/thehosicocat/
Twitter: https://twitter.com/Hosico_cat
Weibo: https://weibo.com/u/6275294458
TikTok: https://www.tiktok.com/@hosico_cat
VK: https://vk.com/public163991275
Likee: https://likee.com/@412891457
Telegram: https://t.me/ihosico",100,Arena for the cat,8202
